<?xml version="1.0" encoding="utf-8"?>
<asx:abap xmlns:asx="http://www.sap.com/abapxml" version="1.0"><asx:values><BO_ES_NAME>Material</BO_ES_NAME><BO_ES_NAMESPACE>http://sap.com/xi/AP/FO/ProductDataMaintenance/Global</BO_ES_NAMESPACE><BO_PRX_NAME>PDM_MATERIAL</BO_PRX_NAME><BO_MAX_PRX_NAME/><T100/><BO><NODE_ID/><NODE_ELEMENTS><CONTROLLER/><KEY><CONTROLLER/><NAME/><VERSION_ID>0000000000</VERSION_ID></KEY><UUID_KEY><CONTROLLER/><UUID/><VERSION_ID>0000000000</VERSION_ID></UUID_KEY><NAME_KEY><CONTROLLER/><NAME/><NAMESPACE/><VERSION_ID>0000000000</VERSION_ID></NAME_KEY><SEMANTICAL_NAME/><TYPE><LIST_ID/><CONTENT/></TYPE><OBJECT_CATEGORY/><TECH_CATEGORY/><SUPPORT_AREA/><TEMPLATE_BO_KEY><CONTROLLER/><NAME/><VERSION_ID>0000000000</VERSION_ID></TEMPLATE_BO_KEY><PC_KEY><CONTROLLER/><NAME/><VERSION_ID>0000000000</VERSION_ID></PC_KEY><DU_KEY><CONTROLLER/><NAME/><VERSION_ID>0000000000</VERSION_ID></DU_KEY><SPECIALIZATION><CONTROLLER/><GENERALISATION_BO_KEY><CONTROLLER/><NAME/><VERSION_ID>0000000000</VERSION_ID></GENERALISATION_BO_KEY><SEMANTICAL_NAME/><DISJOINT_IND>false</DISJOINT_IND><COMPLETE_IND>false</COMPLETE_IND></SPECIALIZATION><PROJECTION_CRITERION><CONTROLLER/><NODE_EL_PATH/><NODE_EL_CODE/></PROJECTION_CRITERION><EXTENSION><CONTROLLER/><NAMESPACE/><PREFIX/><EXTENDED_BO_KEY><CONTROLLER/><NAME/><VERSION_ID>0000000000</VERSION_ID></EXTENDED_BO_KEY><DYN_EXTENSION_IND>false</DYN_EXTENSION_IND><LAYER_TYPE/></EXTENSION><PROVIDER_IF/><PROVIDER_CLASS/><PRIVATE_IF/><ADAPTER_CLASS/><TYPED_ACCESS_CLASS/><LATE_NUMBERING_EXIT_CLASS/><PACKAGE_NAME/><GENERATING_APPLICATION_C/><IMPL_FRAMEWORK/><IMPLFW_REDEF_IND>false</IMPLFW_REDEF_IND><STORAGE_LOCATION/><ST_LOC_REDEF_IND>false</ST_LOC_REDEF_IND><FINAL_ORD_VALUE>0.0</FINAL_ORD_VALUE><ONLY_ABAP_ID_REQUIRED_IND>false</ONLY_ABAP_ID_REQUIRED_IND><MODELED_ONLY_IND>false</MODELED_ONLY_IND><REPLIC_ALLOW_IND><CONTROLLER/><INDICATOR>false</INDICATOR><REDEFINED_IND>false</REDEFINED_IND><FINAL_IND>false</FINAL_IND></REPLIC_ALLOW_IND><SP_ASC_IMPL_IND><CONTROLLER/><INDICATOR>false</INDICATOR><REDEFINED_IND>false</REDEFINED_IND><FINAL_IND>false</FINAL_IND></SP_ASC_IMPL_IND><FT_SERVICE_ENABLED_IND>false</FT_SERVICE_ENABLED_IND><UI_TEXT_KEY><CONTROLLER/><NAME/><VERSION_ID>0000000000</VERSION_ID></UI_TEXT_KEY><ACCESS_CONTROL_LIST><CONTROLLER/><ACL_ASSOCIATION_KEY><CONTROLLER/><NODE_KEY><CONTROLLER/><BO_KEY><CONTROLLER/><NAME/><VERSION_ID>0000000000</VERSION_ID></BO_KEY><NAME/><DO_PATH/></NODE_KEY><NAME/></ACL_ASSOCIATION_KEY><ACL_ASC_REDEF_IND>false</ACL_ASC_REDEF_IND><EXT_AUTH_CHK_IND>false</EXT_AUTH_CHK_IND><GEN_ACL_CHK_IND>false</GEN_ACL_CHK_IND><ACL_ROOT_TABLE/><ACL_ENTRY_TABLE/><ACL_PRIMARY_KEY_MAPPING_TAB/></ACCESS_CONTROL_LIST><MDRO><CONTROLLER/><ACCESS_CHK_MODE/><READ_ONLY_OP_IND><CONTROLLER/><INDICATOR>false</INDICATOR><REDEFINED_IND>false</REDEFINED_IND><FINAL_IND>false</FINAL_IND></READ_ONLY_OP_IND><UNRSTRCT_ACC_IND>false</UNRSTRCT_ACC_IND><ONLY_AUTO_CR_IND>false</ONLY_AUTO_CR_IND><COM_VAR_CR_IND>false</COM_VAR_CR_IND><MINUTE_SCHED_IND>false</MINUTE_SCHED_IND><HOURLY_SCHED_IND>false</HOURLY_SCHED_IND><DAILY_SCHED_IND>false</DAILY_SCHED_IND><WEEKLY_SCHED_IND>false</WEEKLY_SCHED_IND><MONTH_SCHED_IND>false</MONTH_SCHED_IND></MDRO><SCOPING><CONTROLLER/><SCOPING_STAT/></SCOPING><PUBLIC_SOLUTION_MODEL><CONTROLLER/><RELEASE_STATUS/><PUB_WRT_ACC_IND>false</PUB_WRT_ACC_IND></PUBLIC_SOLUTION_MODEL><SUB_NODE_EXIST><CONTROLLER/><NODE_EX_IND>false</NODE_EX_IND><SUBSCR_BO_EX_IND>false</SUBSCR_BO_EX_IND><SAM_DERIV_EX_IND>false</SAM_DERIV_EX_IND><SUB_PROC_EX_IND>false</SUB_PROC_EX_IND><SUPP_AC_EX_IND>false</SUPP_AC_EX_IND><MDRO_ACBO_EX_IND>false</MDRO_ACBO_EX_IND><SMT_EX_IND>false</SMT_EX_IND></SUB_NODE_EXIST><STATUS><CONTROLLER/><LIFE_CYCLE_STAT/></STATUS><SYSTEM_ADMINISTRATIVE_DATA><CONTROLLER/><CREATION_DATE_TIME/><CREATION_USER_ACCOUNT_ID/><LAST_CHANGE_DATE_TIME/><LAST_CHANGE_USER_ACCOUNT_ID/></SYSTEM_ADMINISTRATIVE_DATA></NODE_ELEMENTS><MDRO_ACC_CONTROLLED_BO/><NODE/><SAM_DERIVATION/><SUBSCRIBED_BO/><SUPPORTED_ACCESS_CONTEXT/><SYSTEM_MESSAGE_TYPE/><SUB_PROCESS/><DETERMINATION_SEQUENCE/><ROOT_EXIT/></BO></asx:values></asx:abap>